<?xml version="1.0" encoding="UTF-8"?>
<project-private xmlns="http://www.netbeans.org/ns/project-private/1">
    <editor-bookmarks xmlns="http://www.netbeans.org/ns/editor-bookmarks/2" lastBookmarkId="0"/>
    <open-files xmlns="http://www.netbeans.org/ns/projectui-open-files/2">
        <group>
            <file>file:/E:/Documents/NetBeansProjects/ContactsApp/src/contactsapp/ContactList.java</file>
            <file>file:/E:/Documents/NetBeansProjects/ContactsApp/src/contactsapp/FXMLDocumentController.java</file>
            <file>file:/E:/Documents/NetBeansProjects/ContactsApp/src/contactsapp/Client.java</file>
            <file>file:/E:/Documents/NetBeansProjects/ContactsApp/src/contactsapp/ContactsApp.java</file>
        </group>
    </open-files>
</project-private>
